gender,income,criminals,diffrace,leftwings,alcoholics,rightwings,manykids,neurotics,muslims,imigrants,aids,addicts,homoseksuals,jews,gypsies,age,edu,id
2,900000,0,0,0,0,1,0,0,0,0,0,0,0,0,0,48,4,1
1,180000,0,0,0,0,1,0,1,0,0,0,0,0,0,0,30,4,2
1,600000,0,0,0,0,0,0,0,0,0,0,0,0,0,0,57,3,3
2,180000,1,0,0,1,0,0,0,0,0,0,1,0,0,0,55,0,4
2,60000,0,0,0,0,0,0,0,0,0,0,1,0,0,0,21,0,5
2,135000,1,0,0,1,0,0,0,0,0,0,0,1,0,0,60,1,6
1,284000,1,1,1,1,1,1,0,1,1,1,0,1,1,1,32,3,7
1,200000,0,0,0,1,0,0,0,0,0,0,1,1,0,0,21,4,8
1,1600000,1,0,0,0,0,0,0,0,0,0,1,0,0,0,58,1,9
1,300000,0,0,0,0,0,0,0,0,1,0,1,0,0,0,39,0,10
2,450000,1,0,0,0,0,0,0,0,0,0,0,0,0,0,47,1,11
2,700000,0,0,0,1,1,0,0,0,0,0,1,0,0,1,31,4,12
2,550000,1,0,0,0,0,0,0,0,0,0,1,0,0,0,32,4,13
2,650000,0,0,0,0,0,0,0,0,0,0,0,0,0,0,32,3,14
1,190000,1,0,0,1,0,0,0,0,0,0,1,0,0,0,33,0,15
2,315000,0,0,0,1,0,0,0,0,0,0,1,0,0,0,50,4,16
2,42000,0,0,0,0,0,0,0,0,0,0,1,0,0,0,26,4,17
1,220000,0,0,0,0,0,0,0,0,0,0,0,0,0,0,41,0,18
2,220000,0,0,0,1,0,0,0,0,0,1,1,1,0,0,27,0,19
2,460000,0,1,0,0,0,0,0,0,0,0,1,0,0,1,39,0,20
2,210000,0,0,0,0,0,0,0,0,0,0,0,0,0,0,47,2,21
1,480000,0,0,0,1,0,0,0,0,0,0,1,0,1,0,31,1,22
2,45000,0,0,0,0,0,0,0,0,0,0,0,0,0,0,29,4,23
2,106000,0,0,0,1,0,0,0,0,0,0,1,0,0,0,25,4,24
1,200000,0,0,0,1,0,0,1,0,0,0,0,0,0,0,26,4,25
2,184000,1,1,0,1,0,1,1,1,1,0,1,0,0,1,57,1,26
1,300000,0,0,0,0,0,0,0,0,0,0,0,0,0,0,28,1,27
1,130000,0,0,0,1,0,0,0,0,0,0,1,0,0,0,37,0,28
2,525000,1,1,0,1,1,1,1,1,1,0,1,0,0,0,42,2,29
1,450000,0,0,0,0,1,0,0,0,0,0,0,0,0,0,40,4,30
1,95000,1,0,0,1,0,0,1,0,0,0,1,0,0,0,52,0,31
2,530000,0,0,0,0,0,0,0,0,0,0,1,0,0,0,30,3,32
2,600000,0,0,0,0,0,0,0,0,0,0,0,0,0,0,40,4,33
2,120000,1,1,1,1,1,1,1,1,1,1,1,0,0,1,69,0,34
2,510000,0,0,0,1,0,0,0,1,1,0,1,0,0,0,48,0,35
2,400000,0,0,0,0,0,0,0,0,0,0,0,0,0,0,59,1,36
2,225000,1,0,0,0,0,0,0,0,0,0,0,0,0,0,49,0,37
1,740000,1,0,0,1,1,0,0,0,0,0,1,0,0,0,44,3,38
2,500000,1,0,0,1,0,0,1,0,0,1,1,0,0,0,33,4,39
2,900000,1,0,0,0,0,0,0,0,0,0,1,0,0,0,29,3,40
2,1000000,1,0,0,0,0,0,0,0,0,0,1,0,0,0,33,4,41
1,190000,1,1,1,1,1,1,1,1,1,1,1,1,1,1,55,3,42
2,600000,0,0,0,0,0,0,0,0,0,0,1,0,0,0,19,0,43
2,700000,0,0,0,0,1,0,0,0,0,0,1,0,0,0,35,3,44
2,520000,1,0,0,0,0,0,0,0,0,0,1,0,0,0,37,3,45
1,850000,1,0,0,1,0,0,1,0,0,1,1,0,0,0,69,1,46
2,370000,0,0,0,0,0,1,0,0,0,0,0,0,0,1,42,3,47
1,200000,0,0,0,0,1,0,0,0,0,0,1,0,0,0,38,1,48
1,500000,1,0,0,1,0,0,0,0,0,0,1,0,0,0,49,1,49
2,250000,0,0,1,1,1,0,1,0,0,0,1,0,0,0,64,4,50
2,600000,0,0,0,0,0,0,0,0,0,0,0,0,0,0,51,1,51
2,300000,0,0,0,0,0,0,0,0,0,0,0,0,0,0,57,0,52
2,450000,0,0,0,0,0,0,0,0,0,0,0,0,0,0,32,1,53
2,800000,0,0,0,1,0,0,0,0,0,0,1,0,0,0,43,3,54
1,400000,0,0,0,0,0,0,0,0,0,0,0,0,0,0,30,3,55
1,400000,0,0,0,0,0,0,0,0,0,0,0,0,0,0,52,1,56
2,500000,0,0,0,0,0,0,0,0,0,0,0,0,0,0,41,2,57
2,400000,0,0,0,0,0,0,0,0,0,0,0,0,0,0,35,3,58
2,350000,0,0,0,0,0,0,0,1,1,0,1,0,0,1,48,0,59
1,420000,1,0,1,1,1,0,1,1,0,0,1,1,0,1,29,1,60
1,560000,1,0,1,1,0,0,0,1,0,0,1,0,0,1,54,1,61
1,300000,1,0,0,1,0,0,1,0,0,0,1,0,0,0,22,1,62
2,320000,1,0,1,1,0,0,1,0,0,0,0,0,0,1,63,0,63
2,530000,0,0,0,0,1,0,0,0,0,0,1,0,0,0,30,3,64
1,600000,0,0,0,1,0,0,1,0,0,0,0,0,0,0,49,3,65
1,70000,0,0,1,0,1,1,0,0,0,0,0,0,0,0,22,2,66
1,256000,0,0,0,1,0,0,0,1,1,0,1,0,0,1,45,1,67
1,200000,1,0,0,0,0,0,0,0,0,0,0,0,0,0,45,1,68
1,550000,1,0,0,1,0,0,0,0,0,0,1,0,0,0,35,1,69
2,810000,0,0,0,0,0,0,0,0,0,0,0,0,0,0,20,0,70
2,650000,1,0,0,1,0,0,0,0,0,1,1,0,0,0,32,3,71
2,500000,1,0,0,1,0,0,0,0,0,0,1,0,0,0,56,0,72
1,300000,0,1,0,0,0,0,0,1,1,0,1,0,0,0,36,1,73
1,500000,0,0,0,0,1,0,0,0,0,0,1,0,0,0,20,0,74
1,430000,0,0,0,0,0,0,0,0,0,0,0,0,0,0,55,3,75
2,950000,1,0,0,1,1,0,1,0,0,0,1,0,0,1,43,3,76
2,350000,1,1,0,1,0,0,1,1,1,0,1,0,0,1,36,3,77
1,400000,0,1,0,0,0,0,0,1,1,0,1,0,0,1,20,0,78
1,600000,1,1,1,0,0,1,1,1,1,0,1,0,0,1,35,1,79
1,600000,1,0,0,1,0,0,0,1,0,0,1,0,0,0,20,0,80
1,600000,0,0,0,1,0,0,0,0,0,0,1,0,0,1,47,1,81
2,450000,0,0,0,0,0,0,0,0,0,0,1,0,0,0,53,3,82
2,230000,1,1,1,1,1,1,1,1,1,1,1,1,1,1,62,0,83
2,240000,1,0,0,0,1,0,0,0,0,0,1,0,0,0,59,3,84
2,550000,1,0,0,0,1,0,0,0,0,0,1,0,0,0,35,3,85
1,940000,0,0,0,1,1,0,0,0,0,0,1,0,0,0,20,0,86
2,180000,0,0,0,1,1,0,1,0,0,0,1,0,0,0,21,3,87
1,750000,0,0,0,1,1,0,0,0,0,0,1,0,0,0,36,4,88
1,580000,0,0,0,0,0,0,0,0,0,0,0,0,0,0,57,3,89
1,900000,0,0,0,0,0,1,1,0,0,0,0,0,0,0,49,4,90
1,650000,0,0,0,0,0,0,0,0,0,0,0,0,0,0,57,4,91
2,300000,0,0,0,1,1,0,1,0,0,0,0,0,0,0,66,3,92
1,600000,0,0,0,1,1,0,0,0,0,0,1,0,0,1,38,1,93
1,475000,0,0,0,0,1,0,0,0,0,0,0,0,0,0,48,2,94
1,450000,0,0,0,0,0,0,0,0,0,0,1,0,0,0,45,1,95
2,450000,1,0,0,1,0,0,0,0,0,0,1,0,0,1,29,2,96
2,170000,0,0,0,0,0,0,0,0,0,0,1,0,0,0,42,1,97
2,450000,0,0,1,0,0,0,0,0,0,1,0,0,0,0,44,3,98
2,600000,0,0,0,1,0,0,0,0,0,0,1,0,0,0,50,3,99
1,500000,0,0,0,1,1,0,0,0,0,0,1,0,0,0,32,3,100
2,1000050,1,0,0,1,0,0,0,0,0,0,1,0,0,0,55,3,101
1,280000,1,0,0,0,0,0,0,0,0,0,1,0,0,0,62,3,102
1,320000,0,0,0,0,0,0,0,0,0,0,0,0,0,0,70,2,103
2,350000,0,0,0,0,0,0,0,0,0,0,0,0,0,0,38,0,104
1,670000,1,0,0,0,0,0,0,0,0,0,1,0,0,0,32,3,105
1,270000,0,0,0,0,0,0,0,1,0,0,1,0,0,1,56,1,106
2,350000,0,0,0,0,0,0,0,0,0,0,1,0,0,0,53,0,107
2,535000,0,0,0,0,1,0,0,1,0,0,0,0,0,0,28,1,108
2,650000,0,0,0,0,1,0,0,0,0,0,1,0,0,0,43,1,109
2,400000,0,0,0,0,1,0,0,0,0,0,1,0,0,0,64,1,110
1,350000,0,0,0,0,1,0,0,0,0,0,1,1,0,1,65,1,111
1,550000,0,0,0,1,0,0,0,0,0,0,1,0,0,0,63,3,112
1,950000,1,0,1,1,1,0,0,0,0,0,1,0,0,0,32,2,113
2,140000,1,0,0,0,0,0,0,0,0,0,1,0,0,0,40,1,114
1,500000,0,0,0,1,1,0,0,0,0,0,1,0,0,0,31,3,115
1,380000,1,0,0,0,1,0,1,1,0,0,1,0,0,0,23,3,116
1,400000,0,0,0,0,1,0,0,0,0,0,0,0,0,0,68,4,117
1,700000,0,0,0,0,0,0,0,1,0,0,0,0,0,1,36,2,118
2,125000,0,0,0,0,1,0,0,0,0,0,1,0,0,0,36,3,119
2,450000,0,0,0,1,0,0,1,0,0,0,1,0,0,0,48,3,120
1,40000,0,0,0,1,0,1,0,0,0,0,1,0,0,0,20,2,121
1,500000,0,0,0,1,1,0,1,0,0,0,1,0,0,0,40,4,122
2,390000,0,0,0,0,0,0,0,0,0,0,0,0,0,0,35,3,123
2,895000,1,0,0,1,0,0,0,0,0,0,1,0,0,0,34,3,124
2,156000,0,0,0,1,0,0,0,0,0,0,1,0,0,0,52,0,125
2,350000,0,0,0,0,0,0,0,0,0,0,0,0,0,0,18,0,126
2,3000000,0,0,0,1,1,0,0,0,0,0,0,0,0,0,40,4,127
1,300000,0,0,0,0,0,0,0,0,0,0,0,0,0,0,70,1,128
1,450000,0,0,0,0,1,0,0,0,0,0,1,0,0,0,20,0,129
1,200000,0,0,0,1,0,0,0,1,0,0,1,0,0,0,18,0,130
2,550000,0,0,0,0,0,0,0,0,0,0,0,0,0,0,45,1,131
2,650000,0,0,0,0,0,0,0,0,0,0,0,0,0,0,48,3,132
1,400000,0,0,0,0,0,0,0,0,0,0,0,0,0,0,36,0,133
2,440000,0,0,0,0,0,0,0,0,0,0,0,0,0,0,36,3,134
2,400000,1,0,0,0,0,0,0,0,0,0,1,0,0,1,43,2,135
1,450000,0,0,0,0,0,0,0,0,0,0,0,0,0,0,42,0,136
1,420000,0,0,0,0,0,0,0,0,0,0,1,0,0,0,32,0,137
1,190000,1,0,0,1,0,0,0,0,0,0,1,1,0,0,57,2,138
2,500000,1,0,0,1,0,0,0,0,0,0,1,0,0,0,32,1,139
1,350000,1,0,1,1,0,0,1,0,0,0,1,0,0,0,64,3,140
1,550000,0,0,0,0,0,0,0,0,0,0,0,0,0,0,64,2,141
2,400000,0,0,0,0,0,0,0,0,0,0,0,0,0,0,53,1,142
2,650000,0,0,0,0,0,0,0,0,0,0,0,0,0,0,56,3,143
2,1000000,0,0,0,0,0,0,0,0,0,0,0,0,0,0,20,0,144
1,500000,0,0,0,0,0,0,0,0,0,0,0,0,0,0,56,1,145
1,200009,0,0,0,1,0,0,0,0,0,0,1,0,0,1,49,1,146
2,600000,1,0,0,1,0,0,0,0,0,0,1,0,0,0,39,3,147
2,400000,0,0,0,0,0,0,0,1,1,0,0,0,0,1,25,0,148
1,250000,0,0,0,0,0,0,0,0,0,0,0,0,0,0,46,0,149
1,500000,0,0,0,0,0,0,0,0,0,0,0,0,0,0,56,0,150
2,260000,0,0,0,0,0,0,0,0,0,0,0,0,0,0,68,0,151
2,95000,1,0,1,1,0,1,1,1,1,1,1,1,0,1,68,0,152
2,400000,0,0,0,0,0,0,0,0,0,0,0,0,0,0,33,0,153
1,130000,0,0,0,0,1,0,0,0,0,0,0,0,0,0,61,3,154
1,500000,1,0,0,1,1,0,1,1,0,0,1,1,0,0,50,0,155
1,450000,0,1,0,0,0,0,0,1,1,0,1,1,0,0,57,0,156
2,84000,1,0,0,0,0,0,0,0,0,0,1,0,0,0,19,0,157
2,350000,0,0,0,0,0,0,0,0,0,0,0,0,0,0,50,1,158
1,400000,0,0,0,0,0,0,0,0,0,0,1,0,0,0,33,1,159
1,500000,0,0,1,0,1,0,0,0,0,0,1,0,0,0,54,3,160
1,250000,0,0,0,0,0,0,1,0,0,0,1,0,0,0,50,3,161
1,200000,0,0,0,0,0,0,0,0,0,0,0,0,0,0,56,0,162
2,200000,1,0,0,1,0,0,0,0,0,0,1,0,0,0,56,2,163
2,350000,1,0,0,0,0,0,0,0,0,0,1,0,0,0,25,1,164
2,450000,1,0,0,1,0,0,0,0,0,0,1,0,0,0,35,1,165
1,700000,0,0,0,1,0,0,0,1,1,0,1,1,0,0,55,0,166
2,300000,1,0,0,0,0,0,0,0,0,0,1,0,0,1,56,0,167
2,500000,1,0,0,1,0,0,0,1,0,1,1,0,0,1,55,0,168
2,500000,0,0,0,0,0,0,0,0,0,0,1,0,0,0,42,3,169
1,125000,1,1,0,1,0,0,1,1,1,1,1,1,1,1,54,1,170
2,500000,0,0,0,1,0,0,0,0,0,0,1,0,0,0,44,3,171
2,375000,0,0,0,0,0,0,0,0,0,0,0,0,0,0,52,1,172
2,430000,0,0,0,1,0,0,0,0,0,0,0,0,0,0,50,4,173
2,300000,1,0,1,0,1,0,0,0,0,0,1,0,0,0,19,0,174
1,550000,0,0,1,0,1,0,0,0,0,0,1,0,0,0,49,1,175
2,650000,0,0,0,0,0,0,0,0,0,0,0,0,0,0,51,3,176
2,200000,1,0,1,0,0,0,0,0,0,0,1,0,0,0,37,3,177
1,280000,1,1,1,1,1,0,0,1,1,0,1,0,1,1,32,1,178
1,400000,0,0,0,0,0,0,0,0,0,0,0,0,0,0,49,3,179
2,135000,0,0,0,0,0,0,0,0,0,0,0,0,0,0,59,1,180
1,500000,0,0,0,0,0,0,0,0,0,0,1,0,0,0,48,0,181
2,750000,0,0,0,0,0,0,0,0,0,0,0,0,0,0,43,4,182
1,500000,0,0,0,0,0,0,0,0,0,0,0,0,0,0,42,1,183
1,80000,1,0,0,1,1,0,0,0,0,0,1,0,0,0,24,0,184
2,210000,0,0,0,0,0,0,1,0,0,0,1,0,0,0,23,1,185
2,450000,0,0,0,0,0,0,0,0,0,0,0,0,0,0,34,1,186
2,300000,1,0,0,1,0,0,0,0,1,0,1,0,0,0,42,3,187
1,450000,0,0,0,0,0,0,0,0,0,0,0,0,0,0,63,0,188
1,550000,1,0,1,1,1,0,0,0,0,0,1,0,0,0,49,3,189
2,390000,1,0,0,1,0,0,0,0,0,0,1,0,0,0,21,1,190
1,260000,0,0,0,0,0,0,0,0,0,0,0,0,0,0,62,1,191
2,500000,0,0,0,0,0,0,0,0,0,0,0,0,0,0,47,3,192
1,450000,1,1,0,0,0,0,0,0,1,0,1,0,0,0,58,0,193
1,450000,0,0,0,0,0,0,0,0,0,0,0,0,0,0,38,1,194
2,450000,0,0,0,0,0,0,0,0,0,0,0,0,0,0,50,0,195
2,800000,0,0,0,0,0,0,0,0,0,0,0,0,0,0,49,1,196
2,150000,0,0,0,1,0,0,0,0,0,0,0,0,0,0,26,0,197
1,500000,0,0,0,0,0,0,0,0,0,0,0,0,0,0,58,1,198
2,325000,0,0,0,0,0,0,0,0,0,0,0,0,0,0,35,1,199
2,400000,0,0,0,0,0,0,0,0,0,0,0,0,0,0,30,3,200
2,300000,0,0,0,0,0,0,0,0,0,0,0,0,0,0,37,3,201
2,275000,0,0,0,0,1,0,0,0,0,0,1,0,0,0,54,0,202
1,350000,0,0,0,0,1,0,0,0,0,0,1,0,0,0,60,1,203
1,400000,0,0,0,0,0,0,0,0,0,0,0,0,0,0,43,1,204
1,500000,0,0,0,0,0,0,0,0,0,0,0,0,0,0,33,3,205
1,350000,0,0,0,0,0,0,0,0,0,0,0,0,0,0,69,1,206
1,500000,0,0,0,0,0,0,0,0,0,0,0,0,0,0,54,1,207
2,450000,0,0,0,0,1,0,0,0,0,0,0,0,0,0,36,1,208
1,375000,0,0,0,0,0,0,0,0,0,0,0,0,0,0,51,1,209
2,350000,0,0,0,0,1,0,0,0,0,0,0,0,0,0,53,1,210
1,200000,0,0,0,0,0,0,0,0,0,0,0,0,0,0,66,0,211
1,250000,0,0,0,0,0,0,0,0,0,0,0,0,0,0,47,3,212
2,275000,0,0,0,0,1,0,0,0,0,0,1,0,0,0,42,0,213
1,130000,0,0,0,0,0,0,0,0,0,0,0,0,0,0,28,0,214
2,450000,0,0,0,0,1,0,0,0,0,0,1,0,0,0,33,1,215
1,375000,0,0,0,1,0,0,0,0,0,0,1,0,0,1,26,1,216
1,110000,0,0,1,1,1,0,0,0,0,0,1,0,0,0,25,3,217
1,264000,0,0,0,0,0,0,0,1,0,0,1,0,0,0,65,0,218
2,160000,0,0,0,1,0,0,0,0,0,1,1,1,0,1,70,0,219
1,400000,0,0,0,0,0,0,0,0,0,0,0,0,0,0,63,2,220
1,500000,1,1,1,1,1,0,1,1,1,1,1,1,1,1,50,1,221
1,450000,1,1,1,0,0,0,1,1,1,0,1,1,0,0,27,3,222
2,45000,0,0,0,0,0,0,1,0,0,0,1,0,0,0,24,4,223
1,350000,0,0,0,1,1,0,0,0,0,0,0,0,0,1,58,1,224
1,500000,1,0,0,0,0,0,0,0,0,0,1,0,0,0,21,1,225
2,500000,1,0,0,0,1,0,0,1,0,0,1,0,0,0,35,3,226
1,170000,1,0,0,0,0,0,0,0,0,0,0,0,0,0,57,0,227
2,400000,0,0,0,0,0,0,0,0,0,0,1,0,0,1,25,1,228
2,450000,0,0,0,0,0,0,0,0,0,0,1,0,0,0,36,1,229
2,100000,0,0,0,0,0,0,1,0,0,0,0,0,0,0,66,0,230
1,500000,0,0,0,0,0,0,0,0,0,0,0,0,0,0,64,3,231
1,485000,1,1,1,1,1,0,1,1,1,1,1,1,1,1,53,1,232
1,150000,1,0,0,1,0,0,0,0,0,1,1,1,0,0,67,0,233
2,600000,0,0,0,0,0,0,0,0,0,0,0,0,0,0,45,3,234
1,400000,1,0,0,1,0,0,1,0,0,0,1,0,0,0,35,1,235
2,130000,0,0,0,0,0,0,1,0,0,0,1,0,0,0,57,0,236
1,450000,0,0,0,0,0,0,0,0,0,0,0,0,0,0,49,1,237
2,300000,1,0,0,0,0,0,0,0,0,0,1,0,0,0,63,2,238
2,600000,1,0,0,0,0,0,0,0,0,0,1,0,0,0,55,2,239
1,700000,0,0,0,0,0,0,0,0,0,0,0,0,0,0,42,3,240
2,400000,1,0,0,1,0,0,0,0,0,0,1,0,0,0,47,3,241
2,100000,0,0,0,1,0,0,0,0,0,0,1,0,0,0,67,0,242
2,350000,0,0,0,0,0,0,0,0,0,0,0,0,0,0,38,3,243
1,300000,1,0,0,0,0,0,0,0,0,0,1,0,0,0,45,1,244
1,400000,0,0,0,1,0,0,0,0,0,0,1,0,0,0,21,2,245
1,390000,1,0,0,0,0,0,1,0,0,0,1,0,0,0,32,1,246
1,700000,0,0,0,1,0,0,0,1,0,0,1,0,0,0,41,3,247
1,430000,1,0,1,0,0,0,0,0,0,0,1,0,0,0,21,0,248
1,250000,1,0,0,1,0,0,0,1,0,0,1,1,0,0,44,0,249
1,210000,0,0,0,0,0,0,0,0,0,0,0,0,0,0,64,0,250
1,350000,0,0,0,0,0,0,0,0,0,0,0,0,0,0,25,0,251
1,450000,0,0,0,0,0,0,0,0,0,0,0,0,0,0,51,3,252
1,400000,0,0,0,0,0,0,0,1,0,0,1,0,0,0,51,1,253
1,800000,1,1,0,0,0,0,0,0,0,0,0,0,0,0,21,1,254
2,750000,0,0,0,0,0,0,0,0,0,0,1,0,0,0,47,3,255
1,191500,0,0,1,0,1,0,1,1,1,0,1,0,0,0,53,1,256
1,475000,0,0,0,1,0,0,0,1,1,0,1,0,0,0,29,2,257
1,600000,1,0,0,1,0,0,0,1,0,0,1,0,0,1,46,1,258
2,480000,0,0,0,0,0,0,0,0,0,0,0,0,0,0,40,3,259
2,380000,0,0,0,1,0,0,0,1,0,0,1,0,0,0,31,1,260
2,103000,0,0,0,0,0,0,0,0,0,0,0,0,0,0,69,1,261
2,250000,0,0,0,0,0,0,0,0,0,0,0,0,0,0,64,2,262
2,420000,1,0,0,0,1,0,0,0,0,0,0,0,0,0,41,2,263
1,500000,0,0,0,1,0,0,0,0,0,0,1,0,0,0,54,3,264
1,400000,0,0,0,0,0,0,0,0,0,0,1,1,0,1,64,0,265
2,250000,0,0,1,0,1,0,0,0,0,0,0,0,0,0,39,1,266
1,250000,0,0,0,0,0,0,0,0,0,0,0,0,0,0,64,1,267
2,130000,0,0,0,0,0,0,0,0,0,0,0,0,0,0,70,2,268
1,450000,1,0,0,0,0,0,0,0,0,0,0,0,0,0,55,1,269
2,430000,0,0,1,0,1,0,0,0,0,0,1,0,0,0,28,3,270
1,500000,0,0,0,0,0,0,0,0,0,0,0,0,0,0,52,1,271
2,500000,1,0,0,1,1,0,1,0,0,0,0,0,0,0,23,2,272
2,420000,0,0,0,0,0,0,0,0,0,0,0,0,0,0,41,0,273
1,470000,0,0,0,0,0,0,0,0,0,0,0,0,0,0,41,0,274
2,500000,0,0,0,0,0,0,0,0,0,0,1,0,0,0,22,2,275
2,400000,1,1,0,1,1,0,1,1,1,0,1,0,0,1,35,2,276
2,672000,1,0,0,0,1,0,1,0,0,0,0,0,0,0,35,2,277
1,600000,0,0,0,1,0,0,0,0,0,0,1,0,0,1,31,3,278
2,800000,1,0,0,0,1,0,0,0,0,0,1,0,0,1,66,3,279
1,450000,0,0,0,0,1,0,0,0,0,0,1,0,0,0,47,3,280
2,600000,1,0,0,1,1,0,0,0,0,0,1,0,0,0,35,3,281
1,500000,1,0,0,0,1,0,0,0,0,0,1,0,0,0,43,4,282
1,170000,1,0,0,1,1,0,0,0,0,0,1,0,0,0,49,0,283
2,180000,0,0,0,0,0,0,0,0,0,0,0,0,0,0,25,0,284
2,400000,0,0,0,0,0,0,0,0,0,0,0,0,0,0,27,3,285
1,100000,0,0,0,1,1,0,0,0,0,0,1,0,0,0,23,4,286
1,280000,0,0,0,0,1,0,0,0,0,0,0,0,0,0,39,3,287
2,75000,0,0,0,0,0,0,0,0,0,0,0,0,0,0,23,0,288
1,44000,0,0,0,0,0,0,1,0,0,0,0,0,0,0,23,4,289
1,600000,0,0,0,0,0,0,0,0,0,0,1,0,0,0,24,4,290
1,300000,0,0,0,1,0,0,0,0,0,0,1,0,0,0,51,3,291
1,270000,0,0,0,0,0,0,1,0,0,0,1,0,0,0,37,0,292
2,250000,0,0,0,1,0,0,0,0,0,0,1,0,0,0,24,3,293
2,198000,1,0,0,0,0,0,0,0,0,1,1,1,0,0,48,0,294
2,540000,0,0,0,0,0,0,0,0,0,0,1,0,0,0,27,1,295
2,100000,1,0,0,1,0,0,1,0,0,0,1,0,0,0,24,1,296
2,670000,0,0,0,0,0,0,0,0,0,0,0,0,0,0,47,3,297
2,575000,1,0,0,1,1,0,0,1,1,0,1,0,0,0,43,2,298
2,500000,1,0,0,0,0,0,0,0,0,0,0,0,0,0,53,1,299
2,500000,0,0,0,0,0,0,0,0,0,0,0,0,0,0,56,0,300
2,410000,0,0,0,0,0,0,0,0,0,0,1,0,0,0,41,4,301
2,55000,0,0,0,1,0,0,0,0,0,0,1,0,0,0,25,4,302
1,550000,1,0,0,0,0,0,0,0,0,0,1,0,0,0,38,4,303
1,900000,1,0,0,1,0,0,0,0,0,0,1,0,0,0,48,1,304
2,250000,0,0,0,1,0,0,0,1,0,0,1,0,0,1,32,1,305
1,300000,0,0,0,0,0,0,0,0,0,0,0,0,0,0,29,1,306
2,450000,1,0,0,0,1,0,0,0,0,0,1,0,0,0,30,0,307
2,140000,0,0,0,1,0,0,0,1,0,0,1,0,0,0,41,1,308
2,350000,0,0,0,0,0,0,0,0,0,0,0,0,0,0,39,3,309
2,1000000,1,0,0,1,1,0,0,0,0,0,1,0,0,1,45,4,310
1,1000000,1,0,0,1,0,0,1,0,0,1,1,0,0,0,35,4,311
1,700000,0,0,0,0,0,0,0,0,0,0,0,0,0,0,44,1,312
1,650000,1,0,0,1,0,0,0,0,0,0,1,0,0,0,57,1,313
1,120000,0,0,0,0,0,0,0,0,0,0,0,0,0,0,65,0,314
2,450000,1,0,0,0,0,0,1,0,0,0,1,0,0,0,28,2,315
2,650000,1,0,0,0,0,0,0,0,0,0,1,0,0,0,54,3,316
1,400000,1,0,0,1,0,0,0,0,0,0,1,0,0,0,52,3,317
1,550000,1,0,0,0,0,0,1,1,0,1,1,1,0,0,58,1,318
2,324000,1,0,0,1,0,0,0,0,0,0,1,0,0,0,65,2,319
1,250000,0,0,0,1,0,0,0,1,0,0,0,0,0,0,25,1,320
1,500000,1,0,0,1,1,0,0,0,0,0,0,0,0,0,38,1,321
2,350000,0,0,0,1,0,0,0,1,1,1,1,0,0,1,30,2,322
1,450000,0,0,0,0,0,0,0,0,0,0,1,0,0,0,37,1,323
2,400000,0,0,0,1,1,0,0,0,0,0,1,0,0,0,51,0,324
1,270000,1,0,0,0,0,0,0,0,0,0,0,0,0,1,57,1,325
1,500000,0,0,0,0,0,0,0,0,0,0,0,0,0,0,64,1,326
1,400000,0,0,0,0,0,0,0,0,0,0,1,0,0,1,31,1,327
2,500000,0,0,0,0,0,0,1,0,0,0,1,0,0,0,29,0,328
1,650000,0,0,1,0,1,0,1,0,0,0,1,0,0,0,61,2,329
1,360000,0,0,0,1,0,0,0,0,0,0,1,0,0,0,35,1,330
2,350000,0,0,0,1,0,0,1,0,0,0,1,0,0,0,28,3,331
2,400000,1,0,0,1,0,0,1,0,0,0,1,0,0,0,36,1,332
2,300000,1,0,0,1,0,0,1,0,1,0,1,0,0,0,48,0,333
1,380000,0,0,0,1,0,0,0,0,0,0,1,0,0,0,28,3,334
1,600000,1,0,0,1,0,0,0,1,0,0,1,0,0,0,38,1,335
2,350000,0,0,0,0,1,0,0,0,0,0,1,0,0,0,24,2,336
2,140000,0,0,0,0,0,0,0,0,1,0,1,0,0,0,47,0,337
2,390000,0,0,0,0,0,0,0,0,0,0,0,0,0,0,48,3,338
1,250000,0,0,0,0,0,0,0,0,0,0,1,0,0,0,30,1,339
1,130000,0,0,0,1,0,0,0,0,0,0,1,1,0,0,54,3,340
2,325000,1,0,0,0,0,0,0,0,0,0,1,0,0,0,46,0,341
2,220000,0,0,0,0,0,0,0,0,0,0,0,0,0,0,68,3,342
1,300000,0,0,0,1,0,0,1,0,0,0,0,0,0,0,64,3,343
1,250000,0,0,0,0,0,1,0,0,0,0,0,0,0,0,35,0,344
1,350000,0,0,0,0,0,0,0,0,0,0,0,0,0,0,44,3,345
2,400000,1,1,0,1,0,0,1,1,0,0,1,1,0,1,60,0,346
1,500000,0,0,0,0,0,0,0,1,0,0,1,0,0,0,51,3,347
2,120000,1,0,0,1,0,0,0,0,0,1,1,0,0,0,47,1,348
1,400000,0,0,0,0,0,0,0,0,0,0,1,0,0,0,25,0,349
1,275000,0,0,1,0,0,0,0,1,0,0,0,0,0,0,37,1,350
2,850000,0,0,0,1,0,0,0,0,0,0,1,0,0,1,49,3,351
2,230000,0,0,0,0,0,0,0,0,0,0,0,0,0,0,53,3,352
2,575000,1,0,0,0,0,0,0,0,0,0,1,0,0,1,51,2,353
2,270000,0,0,0,0,0,0,0,0,0,0,1,0,0,0,26,4,354
1,500000,0,0,0,1,0,0,0,0,0,0,1,0,0,0,39,4,355
2,500000,0,0,0,0,0,0,0,0,0,0,0,0,0,0,35,3,356
2,450000,0,0,0,0,0,0,0,0,0,0,1,0,0,0,28,3,357
2,100000,0,0,0,1,0,0,0,1,0,0,1,0,0,0,58,0,358
1,175000,1,0,0,1,0,0,1,1,0,0,1,1,0,0,66,1,359
2,600000,0,0,0,0,0,0,1,0,0,0,1,0,0,0,42,3,360
1,500000,0,0,0,0,0,0,1,0,0,0,1,0,0,0,39,1,361
1,500000,0,0,0,0,0,0,0,0,0,0,1,0,0,0,60,1,362
2,550000,0,0,0,0,0,0,0,0,0,0,1,0,0,0,35,0,363
1,500000,0,0,0,1,0,0,1,0,0,0,1,0,0,1,41,0,364
2,800000,0,0,0,0,0,0,0,0,0,0,0,0,0,0,33,0,365
1,400000,0,0,0,0,0,0,0,0,0,0,1,0,0,1,36,0,366
1,260000,1,1,1,1,0,0,0,1,1,0,1,1,0,1,65,1,367
2,125000,0,0,0,0,0,0,0,1,1,0,1,1,0,0,70,0,368
2,300000,0,0,0,0,0,0,0,0,0,0,1,0,0,0,19,1,369
1,324000,0,0,0,0,0,0,0,0,0,0,1,0,0,0,50,3,370
1,420000,0,0,0,0,0,0,0,0,0,0,0,0,0,0,34,1,371
1,125000,0,0,0,0,0,0,0,0,0,0,0,0,0,0,28,0,372
1,220000,1,0,0,0,1,0,0,0,0,0,0,0,0,0,33,1,373
1,260000,1,0,0,0,0,0,0,0,0,0,1,0,0,1,35,3,374
2,750000,1,0,0,0,1,0,0,0,0,0,0,0,0,0,20,0,375
1,500000,0,0,0,0,0,0,0,0,0,0,1,0,0,0,34,3,376
2,575000,0,0,1,0,1,0,1,0,0,0,1,0,0,0,32,3,377
2,470000,0,0,0,1,0,0,0,0,0,0,1,0,0,0,33,3,378
1,220000,0,0,0,0,1,0,0,0,0,0,1,0,0,0,51,1,379
2,275000,0,0,0,0,0,0,0,0,0,0,0,0,0,0,58,0,380
1,250000,1,0,0,0,0,0,0,1,0,0,1,0,0,0,29,3,381
1,700000,1,0,0,1,0,0,0,0,0,0,1,0,0,0,46,4,382
2,260000,0,0,0,0,0,0,0,0,0,0,0,0,0,0,20,0,383
1,400000,0,0,0,1,0,0,1,1,0,0,1,1,0,1,38,1,384
1,250000,0,0,0,0,0,0,0,0,0,0,0,0,0,0,40,3,385
1,500000,0,0,0,0,0,0,0,0,0,0,1,0,0,0,30,1,386
1,450000,0,0,0,1,0,0,0,0,0,0,1,0,0,0,42,1,387
1,400000,0,0,0,0,0,0,0,0,0,0,0,0,0,0,48,3,388
2,200000,0,0,0,0,0,0,0,0,0,0,0,0,0,0,35,1,389
2,45000,0,0,0,1,0,0,1,0,0,0,1,0,0,0,33,3,390
1,650000,0,0,0,0,1,0,0,0,0,0,0,0,0,0,51,1,391
1,400000,1,0,0,0,0,0,0,0,0,0,1,0,0,0,32,0,392
1,350000,0,0,0,0,0,0,0,0,0,0,0,0,0,0,58,1,393
2,130000,0,0,0,0,0,0,0,0,0,0,1,0,0,0,35,1,394
2,150000,0,0,0,0,0,1,0,0,0,0,0,0,0,0,66,3,395
1,200000,0,0,0,0,0,0,0,0,0,0,0,0,0,0,54,4,396
1,300000,0,0,0,0,0,0,0,0,0,0,0,0,0,0,36,3,397
2,575000,0,1,1,1,0,0,0,1,1,1,1,0,0,1,41,1,398
2,650000,1,1,1,0,0,0,0,0,1,0,1,0,0,0,29,1,399
1,530000,0,0,0,0,0,0,0,0,0,0,0,0,0,0,40,1,400
1,475000,0,0,0,0,0,0,0,0,0,0,1,0,0,0,49,1,401
2,350000,0,0,0,0,0,0,0,0,0,0,0,0,0,0,45,0,402
2,190000,0,0,0,0,0,0,0,0,0,0,1,0,0,0,59,2,403
2,142000,1,0,0,1,1,1,1,0,0,1,1,0,0,0,49,0,404
1,400000,1,1,0,0,1,0,0,1,0,0,1,1,1,0,28,1,405
2,500000,0,0,0,1,1,0,0,0,0,0,1,0,0,0,29,3,406
2,500000,1,0,0,0,0,0,1,0,0,0,1,0,0,0,38,3,407
1,400000,0,0,1,1,1,0,0,0,0,0,1,0,0,1,62,3,408
1,400000,0,0,0,0,0,0,0,1,0,0,1,0,0,0,41,3,409
1,155000,1,0,1,1,0,0,1,0,1,0,0,0,0,0,63,0,410
2,410000,1,0,0,0,1,0,0,0,0,0,1,0,0,0,38,3,411
2,620000,1,0,0,1,0,0,0,0,0,0,1,0,0,0,39,3,412
1,250000,0,0,1,0,1,0,0,0,0,0,1,0,0,0,65,1,413
2,260000,1,0,0,1,1,0,0,1,0,0,1,0,1,0,26,0,414
2,1200000,1,0,0,1,1,0,1,0,0,0,1,0,0,0,38,1,415
2,540000,0,0,1,0,0,0,0,0,0,0,1,0,0,0,34,3,416
1,240000,1,0,0,0,0,0,0,1,0,0,0,0,0,0,64,0,417
1,200000,0,0,0,0,0,0,1,0,0,0,1,0,0,0,28,3,418
1,450000,1,0,1,0,1,0,0,0,0,0,1,0,0,0,28,2,419
2,750000,0,0,0,0,0,0,0,0,0,0,1,0,0,1,39,1,420
1,211000,1,0,0,1,0,0,0,1,1,0,1,0,0,0,56,1,421
1,179000,0,0,0,0,0,0,0,0,0,0,1,0,0,0,33,3,422
1,450000,0,0,0,1,0,0,0,0,0,0,1,0,0,0,59,1,423
1,230000,1,0,0,0,0,0,0,0,0,0,1,0,0,0,44,1,424
2,700000,0,0,0,0,1,0,0,0,0,0,1,0,0,0,38,3,425
2,400000,1,0,0,1,0,0,0,0,0,0,1,0,0,0,25,2,426
1,250000,0,0,0,0,0,0,0,0,0,0,1,0,0,0,22,1,427
1,500000,0,0,0,1,0,0,0,0,0,0,1,0,0,0,42,3,428
2,500000,0,0,0,0,0,0,0,0,0,0,0,0,0,0,48,3,429
1,450000,0,1,0,1,0,0,1,0,0,0,1,0,0,1,30,1,430
1,360000,0,0,0,0,1,0,0,0,0,0,1,0,0,0,45,1,431
2,400000,1,1,0,1,0,0,1,1,1,0,1,0,1,1,49,2,432
2,130000,0,0,0,0,0,0,0,0,0,0,0,0,0,0,59,2,433
1,450000,0,0,0,1,0,0,0,1,0,0,1,0,0,0,42,1,434
2,225000,0,0,0,0,0,0,1,0,0,0,1,0,0,0,28,4,435
2,120000,0,0,0,0,0,0,0,0,0,0,0,0,0,0,26,4,436
2,400000,0,0,0,0,0,0,0,0,0,0,0,0,0,0,52,4,437
1,230000,0,0,0,1,0,1,0,0,0,0,1,0,0,0,26,3,438
1,150000,0,0,0,0,1,0,0,0,0,0,0,0,0,0,22,0,439
1,210000,0,0,0,1,0,0,1,0,0,0,1,0,0,0,49,2,440
1,170000,0,0,1,0,0,0,0,0,0,0,0,0,0,0,28,2,441
2,400000,0,0,0,0,0,0,0,0,0,0,0,0,0,0,33,3,442
1,650000,0,0,1,0,1,0,0,1,0,0,0,0,0,1,54,2,443
1,600000,0,0,0,0,0,0,0,0,0,0,1,0,0,0,39,3,444
2,420000,1,0,0,0,0,0,0,0,0,0,0,0,0,0,26,1,445
1,700000,1,0,0,1,0,0,1,0,0,0,1,1,0,0,58,1,446
2,230000,1,0,0,0,0,0,0,0,1,0,1,1,0,0,54,1,447
1,385000,0,0,0,0,0,0,0,0,0,0,1,0,0,0,48,0,448
2,255000,1,0,0,0,0,0,0,0,0,0,1,0,0,1,40,1,449
2,260000,1,0,0,0,0,0,0,0,0,0,1,0,0,0,51,3,450
1,450000,0,0,0,0,0,0,0,0,0,0,0,0,0,0,52,1,451
1,215000,0,0,0,0,0,0,0,0,0,0,0,0,0,0,54,1,452
1,300000,0,0,0,0,1,0,0,0,0,0,0,0,0,0,61,3,453
2,400000,0,0,0,1,0,0,0,0,0,0,1,0,0,0,36,2,454
2,300000,0,0,0,0,0,0,0,0,0,0,0,0,0,0,34,2,455
2,700000,1,0,0,0,0,0,0,0,0,0,1,0,0,1,56,3,456
2,111000,0,0,0,1,0,0,0,0,0,0,1,0,0,0,23,0,457
1,450000,0,0,0,0,0,0,0,0,0,0,0,0,0,0,41,1,458
1,370000,0,0,0,0,0,0,0,0,0,0,0,0,0,0,53,1,459
2,380000,0,0,0,1,0,0,0,1,0,0,1,0,0,0,27,0,460
1,360000,0,0,0,1,0,0,0,0,0,0,1,0,0,0,33,4,461
2,500000,0,0,0,1,0,0,0,0,0,0,0,0,0,0,37,1,462
1,530000,1,0,0,1,0,0,0,0,0,0,1,0,0,0,52,1,463
1,40000,0,0,0,0,0,0,0,0,0,1,1,0,0,0,19,0,464
2,275000,1,0,0,0,0,0,0,0,0,0,0,0,0,0,55,0,465
1,400000,0,0,0,0,0,0,0,0,0,0,1,0,0,0,49,0,466
2,400000,1,0,0,0,0,0,0,0,0,0,0,0,0,0,39,1,467
2,450000,0,0,0,0,0,0,0,0,0,0,0,0,0,0,48,2,468
1,500000,1,0,0,1,0,0,0,0,0,0,1,1,0,0,60,4,469
2,560000,1,0,0,1,0,0,1,0,0,0,1,0,0,0,30,1,470
2,98000,0,0,0,0,0,0,0,1,1,0,1,0,0,0,42,0,471
2,700000,0,0,0,0,0,0,0,0,0,0,0,0,0,0,33,0,472
2,200000,0,0,0,0,0,0,0,0,0,0,0,0,0,0,60,0,473
2,400000,0,0,0,0,0,0,0,0,1,0,0,0,0,0,30,1,474
1,450000,1,0,0,0,0,0,0,0,0,0,1,0,0,0,19,0,475
1,600000,0,0,0,0,0,0,0,0,0,0,0,0,0,0,57,3,476
1,350000,0,0,0,0,0,0,0,0,0,0,1,0,0,0,69,0,477
2,600000,1,0,0,1,0,0,0,0,0,0,1,0,0,0,18,2,478
1,550000,0,0,1,0,0,0,0,0,0,1,0,0,0,0,53,1,479
1,650000,1,0,0,1,0,0,0,0,0,0,1,0,0,0,38,3,480
2,350000,1,0,0,1,0,0,0,0,0,0,1,0,0,0,30,0,481
2,250000,0,0,0,1,0,0,1,0,0,0,1,0,0,0,31,1,482
1,114000,0,0,0,1,0,0,0,1,0,1,1,1,0,0,66,1,483
2,600000,1,0,0,0,0,0,1,1,0,0,0,0,0,0,34,3,484
2,178000,0,0,0,0,0,0,0,0,0,0,0,0,0,0,51,2,485
1,180000,1,0,0,0,0,0,0,0,0,0,1,0,0,0,24,1,486
2,405000,1,0,0,1,0,1,1,1,0,0,1,1,0,1,84,0,487
2,184000,0,0,0,0,0,0,0,0,1,0,0,0,0,0,72,3,488
2,84000,0,0,0,0,0,0,0,0,0,0,0,0,0,1,90,1,489
1,210000,0,0,0,0,1,0,0,0,0,0,1,0,0,0,74,3,490
1,140000,0,0,0,0,0,0,0,0,0,0,0,0,0,0,82,4,491
2,205267,1,0,0,0,0,0,0,0,0,0,0,0,0,0,80,0,492
1,250000,1,1,1,1,1,1,1,1,1,1,1,1,0,1,80,2,493
1,360000,0,0,0,0,0,0,0,0,0,0,1,0,0,0,72,0,494
1,288900,1,1,1,1,0,1,0,1,1,1,1,1,1,0,88,4,495
2,200000,0,0,0,0,0,0,0,1,0,0,1,1,0,0,77,1,496
2,50000,0,0,0,0,0,0,0,0,0,0,1,0,0,0,89,0,497
1,210000,1,1,1,1,1,0,1,1,1,1,1,1,0,1,85,4,498
2,140000,1,0,0,1,1,0,0,0,0,0,0,0,0,0,82,1,499
2,90000,0,0,0,0,0,0,0,0,0,0,0,0,0,0,89,1,500
2,96000,1,1,0,0,0,0,1,1,0,0,0,0,0,0,76,3,501
1,350000,1,0,0,1,0,0,0,0,0,1,1,0,0,1,72,4,502
2,350000,0,0,0,0,0,0,0,0,0,0,0,0,0,0,71,4,503
1,180000,0,0,0,0,0,0,0,0,0,0,0,0,0,0,74,1,504
1,184000,0,0,0,0,0,0,0,0,0,0,0,0,0,0,74,1,505
2,97000,0,0,0,0,0,0,0,0,0,0,0,0,0,0,79,0,506
1,150000,0,0,0,0,0,0,0,0,0,0,0,0,0,0,75,0,507
2,180000,0,0,0,0,0,0,0,0,0,1,0,0,0,0,81,3,508
1,192000,0,0,0,0,0,0,0,0,0,0,0,0,0,0,87,0,509
1,92000,0,0,0,0,1,0,0,0,0,0,0,0,0,1,79,1,510
1,170000,0,0,0,0,1,0,0,0,0,0,1,0,0,0,72,1,511
2,82000,1,1,0,1,1,0,1,1,1,1,1,1,1,1,89,0,512
2,100000,0,0,0,1,1,1,1,0,0,0,1,0,0,0,82,1,513
2,135000,1,0,0,0,0,0,0,0,0,0,1,0,0,1,83,0,514
2,90000,0,1,0,0,0,0,0,1,1,0,0,0,0,0,79,0,515
1,150000,1,0,0,0,0,0,0,0,1,0,0,0,0,0,73,0,516
2,96000,1,0,0,0,0,0,0,0,0,0,0,0,0,0,88,0,517
2,170000,0,0,0,0,0,0,0,1,0,0,1,0,0,0,74,0,518
1,200000,1,0,1,0,1,0,0,0,0,0,0,0,0,0,88,4,519
1,150000,1,0,0,1,0,0,0,0,0,0,1,0,0,0,81,0,520
1,150000,0,0,0,0,0,0,0,0,0,0,0,0,0,0,82,3,521
2,200000,0,0,0,0,0,0,0,0,0,0,0,0,0,0,71,1,522
2,350000,0,0,0,0,0,0,0,0,1,0,1,0,0,0,78,1,523
2,245000,0,0,0,0,0,0,0,0,0,0,0,0,0,0,72,1,524
1,200000,1,0,0,0,0,0,0,0,0,0,1,1,0,0,71,0,525
2,90000,1,0,0,0,0,0,0,0,0,0,1,0,0,0,82,0,526
1,200000,1,0,0,0,0,0,0,0,0,0,1,0,0,1,73,0,527
1,247000,0,0,0,0,1,0,0,0,0,0,1,0,0,0,80,3,528
1,93000,1,1,1,1,1,0,0,1,1,0,1,1,0,1,72,1,529
1,130000,0,0,1,0,0,0,0,0,0,0,0,0,0,0,76,0,530
1,67000,1,0,0,0,0,0,0,0,0,0,1,1,0,0,80,0,531
1,105000,1,0,0,1,0,0,0,1,0,0,1,1,0,0,76,1,532
1,135000,0,0,0,1,1,0,0,0,0,0,1,0,0,0,78,0,533
2,170000,1,0,0,1,0,0,0,0,0,0,0,0,0,0,76,0,534
2,212000,0,0,0,0,0,0,0,0,0,0,0,0,0,0,75,1,535
2,230000,0,0,0,1,0,0,0,0,0,0,1,0,0,0,77,0,536
2,118000,1,0,1,1,1,0,0,1,0,1,1,1,0,1,73,0,537
2,130000,0,0,0,0,0,0,1,0,0,0,0,0,0,0,70,0,538
1,95000,0,0,0,0,0,0,0,0,0,0,0,0,0,0,74,0,539
2,90000,1,0,0,1,0,0,0,1,0,1,1,1,0,0,74,0,540
1,160000,1,1,0,0,0,0,0,1,0,0,1,1,0,0,77,1,541
1,630000,0,0,0,0,0,0,0,0,0,0,0,0,0,0,35,3,542
1,700000,1,0,0,1,1,0,1,0,0,0,1,0,0,0,33,0,543
1,200000,0,1,0,0,0,0,0,1,0,0,0,1,0,1,67,1,544
2,800000,1,0,1,1,1,1,0,1,1,0,1,0,0,1,56,0,545
2,1200000,0,0,0,0,0,0,0,0,0,0,1,0,0,0,31,4,546
2,240000,1,0,0,0,0,0,0,0,0,0,1,0,0,0,21,1,547
1,300000,0,0,0,0,1,0,0,0,0,0,0,0,0,0,47,3,548
2,80000,0,0,0,0,1,0,0,0,0,0,1,0,0,0,34,4,549
2,250000,0,0,0,1,0,0,0,0,0,0,0,0,0,0,45,2,550
1,312000,0,0,1,1,1,0,0,0,0,0,1,0,0,0,29,3,551
2,300000,0,0,0,0,1,0,0,0,0,0,0,0,0,0,27,3,552
2,140000,0,0,0,0,0,0,0,0,0,0,0,0,0,0,27,4,553
2,550000,0,0,0,1,0,0,0,0,0,0,1,0,0,1,41,3,554
2,390000,0,0,0,0,0,0,0,0,0,0,0,0,0,0,29,3,555
1,75000,0,0,0,0,0,0,0,0,0,0,0,0,0,0,28,1,556
2,215000,0,0,0,1,0,0,0,0,0,0,1,0,0,0,27,0,557
2,650000,0,0,0,0,0,1,0,0,1,0,0,0,0,1,49,3,558
1,450000,0,0,1,1,1,1,0,0,0,0,1,0,0,1,27,3,559
1,70000,0,0,0,0,0,0,0,0,0,0,0,0,0,0,49,0,560
1,200000,0,0,0,1,1,0,0,0,0,0,1,0,0,1,30,1,561
2,60000,0,0,0,0,0,0,0,0,0,0,0,0,0,0,86,1,562
1,150000,0,0,0,0,0,0,1,0,0,0,0,0,0,0,21,0,563
1,300000,0,0,0,0,0,0,0,0,0,0,0,0,0,0,62,0,564
2,52000,0,0,0,1,0,1,0,0,0,0,1,0,0,0,24,4,565
1,600000,0,0,0,1,0,0,0,0,0,0,0,0,0,0,49,4,566
2,600000,0,0,0,0,0,0,0,0,0,0,1,0,0,0,51,4,567
2,400000,0,0,0,0,0,0,0,0,0,0,0,0,0,0,46,1,568
1,600000,0,0,0,1,0,0,1,0,0,0,1,0,0,0,36,0,569
1,243000,0,0,0,0,1,0,0,0,0,0,1,0,0,0,35,3,570
1,1300000,0,0,0,0,0,0,0,0,0,0,0,0,0,0,53,3,571
1,700000,0,0,0,0,1,0,0,0,0,0,0,0,0,0,35,4,572
2,90000,1,0,0,1,0,0,0,0,0,0,1,0,0,0,21,4,573
1,500000,0,0,0,0,1,0,0,0,0,0,1,0,0,0,20,4,574
1,560000,0,0,0,1,0,0,0,0,0,0,1,0,0,0,42,0,575
2,225000,1,0,1,1,0,0,1,0,0,0,1,0,0,0,48,3,576
2,300000,1,0,0,1,0,0,0,0,0,0,1,0,0,0,37,4,577
2,1000000,0,0,0,1,0,0,0,0,0,0,1,0,0,0,32,3,578
2,52800,0,0,0,0,0,0,0,0,0,0,1,0,0,0,26,3,579
1,70000,0,0,0,0,0,0,0,0,0,0,1,0,0,0,25,4,580
2,450000,1,0,0,1,0,0,0,0,0,0,0,0,0,1,68,1,581
1,400000,0,0,0,0,0,0,0,0,1,0,1,0,0,0,23,3,582
1,600000,1,0,0,0,0,0,0,0,0,0,1,0,0,1,48,4,583
2,750000,0,0,0,0,1,0,0,0,0,0,0,0,0,0,41,3,584
2,110000,0,0,0,0,1,0,0,0,0,0,0,0,0,0,76,2,585
1,560000,1,0,0,1,0,0,0,0,0,0,0,0,0,1,57,1,586
2,290000,0,0,0,0,0,0,0,0,0,0,1,0,0,0,42,1,587
2,550000,1,0,0,1,0,0,0,0,0,0,1,0,0,1,54,3,588
2,170000,1,0,0,0,1,0,0,0,0,0,1,0,0,0,68,1,589
1,150000,1,0,1,1,0,0,1,1,0,1,1,1,0,0,85,1,590
2,800000,0,0,0,1,0,0,0,1,0,0,1,0,0,0,58,3,591
1,500000,1,0,0,0,1,0,1,0,0,0,1,0,0,0,35,4,592
2,650000,0,0,1,0,1,0,0,0,0,0,1,0,0,0,26,3,593
2,550000,1,0,0,0,0,0,0,0,1,0,1,0,0,0,25,1,594
2,350000,1,0,0,1,0,0,0,0,0,1,1,0,0,1,71,0,595
2,100000,0,0,0,0,0,0,0,0,0,0,0,0,0,0,45,0,596
2,480000,0,0,0,0,0,0,0,0,0,0,0,0,0,0,29,3,597
1,180000,0,0,0,0,0,0,1,0,0,0,0,0,0,0,48,0,598
1,500000,1,1,0,1,0,0,0,0,0,0,1,0,0,0,41,1,599
1,800000,0,0,0,1,1,0,0,0,0,0,0,0,0,0,46,4,600
2,500000,0,0,0,0,0,0,0,0,0,0,0,0,0,0,44,2,601
2,420000,0,0,0,0,0,0,0,0,0,0,0,0,0,0,44,3,602
1,650000,0,0,0,0,0,0,0,0,0,0,1,0,0,0,21,1,603
1,350000,0,1,0,0,0,0,0,1,1,0,1,1,1,1,25,1,604
1,650000,1,0,0,1,0,0,0,0,0,0,1,0,0,0,50,4,605
2,480000,0,0,0,0,1,0,0,0,0,0,1,0,0,1,52,1,606
2,450000,0,0,0,0,1,0,0,0,0,0,0,0,0,0,53,2,607
1,700000,1,0,0,1,1,0,1,0,0,0,1,1,0,0,52,4,608
2,500000,0,0,0,1,0,0,0,0,0,0,1,0,0,0,32,3,609
1,300000,0,0,0,0,0,0,0,0,0,0,0,0,0,0,88,4,610
2,400000,0,0,0,0,0,0,0,0,1,0,0,0,0,0,40,0,611
2,200000,0,0,0,0,0,0,0,0,0,0,0,0,0,0,65,3,612
2,500000,0,0,0,1,0,0,0,0,0,0,1,0,0,0,52,3,613
2,480000,0,0,0,0,0,0,0,0,0,0,0,0,0,0,44,1,614
1,90000,0,0,0,0,0,0,0,0,0,0,0,0,0,0,68,1,615
1,600000,0,0,0,0,0,0,0,0,0,0,0,0,0,0,39,3,616
2,600000,0,0,0,1,0,0,0,0,0,0,0,0,0,0,32,0,617
1,135000,0,0,0,0,0,0,0,0,0,0,0,0,0,0,63,0,618
2,150000,0,0,0,1,0,0,1,0,1,0,1,0,0,0,24,0,619
1,550000,0,1,0,1,0,0,0,0,1,0,1,0,0,1,33,3,620
2,700000,0,0,1,1,1,0,0,0,0,0,1,0,0,1,36,4,621
1,500000,1,0,0,1,1,0,1,0,0,1,1,1,0,1,51,1,622
2,250000,1,0,0,1,0,1,1,1,1,0,1,0,0,1,23,3,623
2,600000,0,0,0,0,0,0,0,0,0,0,0,0,0,0,40,0,624
2,500000,1,0,0,1,1,0,1,0,0,0,1,0,0,1,39,2,625
2,350000,0,0,0,0,1,0,0,0,0,0,0,0,0,0,38,0,626
2,200000,1,0,1,1,0,0,0,0,0,0,0,0,0,0,84,3,627
2,400000,0,0,0,0,1,0,0,0,0,0,1,0,0,0,28,3,628
2,600000,0,0,0,1,0,0,1,0,0,0,1,0,0,1,43,2,629
1,250000,0,0,0,0,0,0,0,0,0,0,1,0,0,0,26,0,630
2,200000,1,1,1,1,0,0,1,1,1,0,1,0,0,1,60,1,631
1,188000,0,0,0,0,0,0,0,0,0,0,0,0,0,0,66,1,632
1,80400,0,0,0,0,0,1,0,0,0,0,1,0,0,0,23,1,633
1,600000,0,0,0,0,0,0,0,0,0,0,0,0,0,0,52,3,634
2,300000,0,0,0,1,0,0,0,0,0,0,1,0,0,0,53,1,635
2,1500000,0,0,0,1,0,0,0,0,0,0,0,0,0,1,47,3,636
1,130000,1,0,0,1,0,0,0,0,0,0,1,1,0,0,32,0,637
2,700000,0,0,0,0,0,0,0,0,0,0,1,0,0,0,19,0,638
1,400000,0,0,0,0,1,0,0,0,0,0,1,0,0,0,32,1,639
1,110000,0,0,1,0,1,0,0,0,1,0,1,0,0,0,28,0,640
1,620000,0,0,0,1,1,0,0,0,0,0,1,0,0,0,39,3,641
1,450000,1,0,0,1,0,0,0,0,0,0,1,0,0,0,37,4,642
2,100000,0,0,0,0,0,0,1,0,0,0,1,0,0,0,57,1,643
2,400000,0,0,0,1,0,0,0,0,0,0,1,0,0,0,34,1,644
2,300000,0,0,0,0,1,0,0,0,0,0,1,0,0,0,27,3,645
1,479000,0,0,0,0,0,0,0,0,0,0,0,0,0,0,34,3,646
2,215000,0,0,0,0,0,0,0,0,0,0,1,0,0,0,25,3,647
1,450000,0,0,0,0,0,0,0,0,0,0,0,0,0,0,32,1,648
1,600000,0,0,0,0,0,0,0,1,1,0,1,0,0,0,38,0,649
1,250000,0,0,0,0,0,0,0,0,0,0,0,0,0,0,31,0,650
2,650000,0,0,0,0,0,0,0,0,0,0,0,0,0,0,50,3,651
1,500000,0,0,0,0,0,0,0,0,0,0,0,0,0,0,50,1,652
1,800000,0,0,0,0,0,0,0,0,0,0,0,0,0,0,43,3,653
2,200000,0,0,0,0,0,0,0,0,0,0,0,0,0,0,64,1,654
1,350000,0,0,0,0,0,0,0,0,0,0,0,0,0,0,34,1,655
1,250000,0,0,0,0,0,0,0,0,0,0,0,0,0,0,21,1,656
2,85000,0,0,0,1,0,0,0,0,1,0,1,0,0,0,83,0,657
2,145000,0,0,0,0,0,0,0,0,0,0,0,0,0,0,57,0,658
1,360000,0,0,0,1,0,0,0,0,0,0,1,0,0,0,36,3,659
2,510000,0,0,0,0,0,0,0,0,0,0,0,0,0,0,53,3,660
2,180000,0,0,0,0,0,0,0,0,0,0,0,0,0,0,68,0,661
1,1100000,0,0,0,1,1,0,0,0,0,1,0,0,0,0,44,4,662
1,88000,1,1,0,1,0,0,0,1,1,0,0,0,0,0,83,1,663
1,580000,0,0,0,0,1,0,0,0,0,0,1,0,0,0,29,1,664
2,200000,1,0,0,1,0,0,0,1,0,0,1,1,0,0,43,2,665
2,200000,0,0,0,0,0,0,0,0,0,0,0,0,0,0,42,3,666
2,450000,0,0,0,0,0,0,0,0,0,0,0,0,0,0,25,1,667
1,330000,0,0,0,0,0,0,0,1,0,0,1,0,0,0,63,0,668
2,550000,0,0,0,0,0,0,0,0,0,0,1,0,0,0,30,3,669
1,650000,0,0,0,1,1,0,0,0,0,0,1,0,0,0,31,4,670
1,450000,1,1,0,1,0,0,0,1,1,0,1,1,0,1,56,1,671
2,530000,0,0,0,0,0,0,0,0,0,0,0,0,0,0,37,0,672
1,500000,0,0,0,0,0,0,0,1,1,0,0,0,0,0,36,1,673
2,130000,0,0,0,0,0,0,0,0,0,0,0,0,0,0,76,0,674
2,750000,0,0,0,0,0,0,0,0,0,0,0,0,0,0,44,0,675
1,410000,0,0,0,0,0,0,0,0,0,0,0,0,0,0,48,1,676
1,500000,0,0,0,0,0,0,0,0,0,0,0,0,0,0,34,3,677
1,220000,0,0,0,0,0,0,0,0,0,0,0,0,0,0,48,1,678
2,72000,0,0,0,0,0,0,0,0,0,0,1,0,0,0,67,1,679
2,300000,0,0,0,0,0,0,0,1,0,0,0,0,0,0,52,0,680
1,300000,0,0,0,0,0,0,0,0,0,0,0,0,0,1,54,1,681
1,290000,1,1,0,1,0,0,0,1,0,0,1,0,0,0,28,3,682
1,250000,1,0,0,1,0,0,0,0,0,0,1,0,0,0,45,3,683
2,200000,0,1,0,0,1,1,0,1,1,0,1,0,0,1,62,1,684
1,14000,0,0,0,1,0,1,0,0,0,0,0,0,0,0,22,3,685
1,600000,0,0,0,0,0,0,0,0,0,0,0,0,0,0,34,3,686
2,130000,0,0,0,0,0,0,0,1,0,0,1,0,0,0,55,0,687
2,450000,0,0,0,0,0,0,0,0,0,0,0,0,0,0,28,3,688
2,400000,0,0,0,1,1,0,0,0,0,0,1,0,0,0,50,0,689
2,550000,0,0,0,0,1,0,0,0,0,0,0,0,0,0,51,1,690
2,120000,0,0,0,1,0,1,1,1,0,0,1,0,0,1,62,0,691
1,700000,0,0,0,0,0,0,0,0,0,0,1,0,0,1,42,4,692
2,180000,0,0,0,0,0,0,0,0,0,0,0,0,0,0,37,0,693
1,460000,0,0,0,0,0,0,0,0,0,0,1,0,0,0,49,1,694
2,320000,0,0,0,0,0,0,0,1,0,0,1,0,0,0,42,2,695
2,530000,1,0,0,1,0,0,0,0,0,0,0,1,0,0,49,3,696
1,500000,0,0,0,0,0,0,0,0,0,0,0,0,0,0,60,3,697
2,400000,0,0,0,0,0,0,0,0,0,0,0,0,1,1,52,0,698
2,297000,1,1,0,1,0,0,0,1,1,0,1,0,0,0,47,1,699
1,320000,0,0,0,1,0,0,1,0,0,0,1,0,0,0,32,2,700
2,125000,0,0,0,0,0,0,0,0,0,0,1,0,0,0,83,1,701
1,250000,0,0,0,0,0,0,0,0,0,0,0,0,0,0,76,1,702
1,93000,0,1,1,1,0,0,0,1,0,1,1,1,0,0,81,1,703
1,370000,0,0,0,0,0,0,0,0,0,0,0,0,0,0,39,0,704
2,170000,0,0,0,0,0,0,0,0,0,0,1,0,0,0,63,0,705
2,220000,1,0,0,0,0,0,0,0,0,0,0,0,0,0,50,0,706
1,300000,0,0,0,0,0,0,0,0,0,0,0,0,0,0,37,0,707
1,500000,1,0,0,1,0,0,0,0,0,0,0,0,0,0,59,0,708
2,150000,1,0,0,0,0,0,0,0,1,0,0,0,0,0,74,0,709
2,240000,0,0,0,1,0,0,1,0,0,0,1,0,0,0,55,4,710
1,400000,0,0,0,0,0,0,0,0,0,0,0,0,0,0,42,1,711
2,300000,0,0,0,0,0,0,0,0,0,0,0,0,0,0,61,0,712
1,240000,1,1,0,1,0,0,0,1,1,0,1,1,0,1,73,0,713
1,600000,0,0,0,0,0,0,0,0,0,0,1,0,0,0,59,3,714
2,550000,0,0,0,1,0,0,0,0,0,0,0,0,0,0,30,3,715
1,600000,0,0,0,1,0,0,1,1,0,0,1,0,0,0,35,1,716
1,550000,0,0,0,0,1,0,0,0,0,0,1,0,0,0,37,3,717
1,500000,0,0,0,0,0,0,0,0,0,0,1,0,0,0,56,3,718
1,300000,1,0,1,0,0,0,0,0,0,0,1,0,0,0,25,4,719
1,500000,0,0,0,0,0,0,1,0,0,0,1,0,0,0,21,2,720
2,360000,0,0,0,0,0,0,0,0,0,0,1,0,0,0,26,2,721
2,250000,0,0,0,0,0,0,0,0,0,0,0,0,0,0,33,3,722
2,550000,0,0,0,0,0,0,0,0,0,0,0,0,0,0,53,2,723
2,500000,0,0,0,0,1,0,0,0,0,1,1,0,0,0,40,3,724
2,300000,1,0,0,0,0,0,1,0,0,0,0,0,0,0,49,3,725
2,410000,0,0,0,0,0,0,0,0,0,0,0,0,0,0,30,0,726
1,450000,0,0,1,0,0,0,0,1,1,0,0,0,0,0,45,1,727
1,45000,0,0,0,0,0,0,0,0,0,0,0,0,0,0,19,4,728
1,44400,0,0,0,0,0,0,0,0,0,0,0,0,0,0,23,4,729
2,290000,0,0,0,0,1,0,0,0,0,0,1,0,0,0,35,4,730
2,500000,0,0,0,0,0,0,0,0,0,0,1,0,0,0,32,4,731
2,200000,0,0,0,0,0,0,0,0,0,0,1,0,0,0,30,1,732
2,100000,0,0,0,0,1,0,0,0,0,0,1,0,0,0,27,4,733
1,320000,0,0,0,1,0,1,0,0,0,0,1,0,0,0,29,4,734
1,130000,0,0,1,0,1,0,0,0,0,0,1,0,0,0,25,4,735
1,230000,1,0,0,1,0,0,0,1,0,0,1,1,0,1,61,0,736
2,150000,0,0,0,0,0,0,0,0,0,0,0,0,0,0,68,1,737
1,700000,1,0,0,1,1,0,0,0,0,0,1,0,0,0,51,4,738
1,290000,0,0,0,0,0,0,0,0,0,0,1,0,0,0,28,1,739
2,225000,1,0,0,0,0,0,1,0,0,0,0,0,0,0,68,3,740
2,800000,0,0,0,0,1,0,0,0,0,0,0,0,0,0,52,4,741
1,50000,0,0,0,0,0,0,0,0,0,0,1,0,0,0,26,4,742
2,150000,0,0,0,1,0,0,0,0,1,0,0,0,0,0,68,0,743
1,450000,0,0,0,0,0,0,0,0,0,0,0,0,0,0,25,0,744
2,400000,0,0,0,0,0,0,0,0,0,0,0,0,0,0,36,2,745
2,210000,0,0,0,0,0,0,0,0,0,0,0,0,0,0,40,4,746
1,700000,1,0,0,1,1,0,0,0,0,0,1,0,0,1,31,3,747
2,300000,0,0,0,0,0,0,0,0,0,0,1,0,0,0,49,1,748
2,400000,0,0,0,0,0,0,0,0,0,0,0,0,0,0,47,1,749
2,500000,0,0,1,0,1,0,0,0,0,0,0,0,0,1,60,3,750
2,80000,0,0,0,0,0,0,1,0,0,0,1,0,0,0,29,2,751
1,636000,1,0,0,1,0,0,0,0,0,0,1,0,0,0,35,3,752
1,360000,0,0,0,0,0,0,0,0,0,0,0,0,0,0,46,1,753
2,400000,0,1,0,1,0,0,0,1,1,0,1,1,0,1,59,0,754
2,450000,1,0,0,1,1,0,0,0,0,0,1,0,0,1,39,3,755
2,220000,1,0,0,0,0,0,0,1,0,1,1,0,0,0,70,0,756
2,220000,0,0,0,1,1,0,0,0,0,0,1,0,0,0,24,2,757
2,95000,1,1,0,1,0,0,0,1,1,0,1,0,0,1,49,1,758
1,350000,1,0,0,1,0,0,0,1,1,0,1,0,0,0,57,1,759
1,450000,0,0,0,0,0,0,0,0,0,0,0,0,0,0,54,0,760
2,600000,0,0,0,0,0,0,0,0,0,0,0,0,0,0,47,4,761
1,600000,0,0,0,0,0,0,0,1,0,0,0,0,0,0,52,1,762
1,840000,0,0,0,0,0,0,0,0,0,0,0,0,0,0,43,4,763
1,450000,0,0,0,0,0,0,0,0,0,0,0,0,0,0,55,1,764
2,370000,1,0,0,0,0,0,0,0,0,0,0,0,0,0,33,2,765
2,450000,1,0,0,1,0,0,0,0,0,0,1,0,0,0,42,0,766
1,260000,0,0,0,0,0,0,0,0,0,0,0,0,0,0,65,2,767
1,180000,0,0,0,0,0,0,1,0,0,0,1,0,0,0,20,2,768
2,80000,1,1,0,1,0,0,0,1,1,0,1,1,0,1,64,3,769
1,350000,0,0,0,0,0,0,0,1,0,0,0,0,0,0,55,1,770
1,500000,0,0,0,0,0,0,0,1,1,0,1,0,0,0,18,1,771
1,400000,0,0,0,0,0,0,0,0,0,0,0,0,0,0,42,3,772
2,550000,1,0,0,1,0,0,0,1,1,0,1,0,1,1,41,0,773
2,450000,0,0,0,0,0,0,0,0,1,0,1,0,0,0,47,3,774
2,84000,1,1,0,1,0,0,0,1,1,1,1,1,0,1,82,0,775
1,250000,0,0,0,1,0,0,0,1,0,0,1,0,0,0,33,3,776
2,240000,1,0,0,1,1,0,1,0,0,0,1,0,0,1,37,3,777
1,200000,1,1,1,1,1,0,1,1,1,1,1,1,1,1,50,0,778
1,200000,1,0,0,0,0,0,0,0,0,0,1,0,0,0,53,1,779
2,850000,0,0,0,0,1,0,0,0,0,0,1,0,0,0,58,3,780
1,70000,0,0,0,0,0,0,0,0,0,0,0,0,0,0,61,3,781
2,160000,1,0,0,0,0,0,0,0,0,0,1,0,0,0,47,2,782
2,200000,0,0,0,1,0,0,0,0,0,0,1,0,0,0,32,0,783
1,650000,0,0,0,1,1,0,1,0,0,0,1,0,0,0,46,3,784
1,500000,0,0,0,0,0,0,0,0,0,0,0,0,0,0,44,3,785
1,260000,0,0,0,0,0,0,0,0,0,0,0,0,0,0,69,3,786
1,800000,0,0,0,0,0,0,0,0,0,0,0,0,0,0,47,3,787
2,400000,0,0,0,1,0,0,0,0,0,0,1,0,0,1,52,0,788
2,150000,0,0,0,0,0,0,0,0,0,0,0,0,0,0,73,1,789
2,400000,0,0,0,0,1,0,0,0,0,0,1,0,0,0,34,3,790
1,400000,0,0,0,0,0,0,0,0,0,0,1,0,0,0,19,1,791
1,190000,0,0,0,0,0,0,0,0,0,0,1,0,0,1,63,0,792
1,252000,0,0,0,0,0,0,0,0,0,0,0,0,0,0,25,1,793
1,500000,0,0,0,0,0,0,0,0,0,0,0,0,0,0,58,2,794
1,300000,0,0,0,0,0,0,0,0,0,0,0,0,0,0,39,2,795
1,650000,1,0,1,0,1,0,0,0,0,0,0,0,0,1,42,1,796
2,390000,0,0,0,0,1,0,0,0,0,0,1,0,0,0,27,0,797
1,220000,0,0,0,0,0,0,0,1,0,0,0,0,1,1,27,0,798
2,600000,0,0,0,0,1,0,1,0,0,0,1,0,0,0,41,3,799
1,237000,0,0,0,0,0,0,0,1,0,0,1,0,0,0,30,1,800
1,190000,0,0,0,0,0,0,0,0,0,0,1,0,0,0,20,0,801
2,500000,0,0,0,0,0,0,0,0,0,0,0,0,0,0,40,1,802
1,200000,0,0,0,1,1,0,0,0,0,0,1,0,0,0,25,3,803
1,420000,0,0,0,0,0,0,0,0,0,0,0,0,0,0,38,1,804
1,375000,1,1,1,1,1,0,0,1,1,1,1,1,1,1,45,0,805
1,450000,0,0,0,0,0,0,0,0,0,0,0,0,0,0,57,3,806
2,400000,0,0,1,0,1,0,0,0,0,0,0,0,0,0,27,3,807
2,400000,0,0,0,0,0,0,0,0,0,0,0,0,0,0,53,3,808
2,550000,1,0,0,0,1,0,0,0,0,0,1,0,0,1,42,2,809
2,250000,1,0,0,1,1,0,0,0,0,0,1,0,0,0,23,0,810
2,400000,0,0,0,1,1,0,0,0,0,0,1,0,0,0,55,2,811
2,300000,0,0,1,1,1,0,0,0,0,0,1,0,0,0,35,0,812
1,600000,1,0,0,1,0,0,0,0,0,0,1,0,0,0,40,1,813
1,320000,0,0,0,0,0,0,0,0,0,0,0,0,0,0,46,3,814
1,750000,0,0,0,1,0,0,0,0,0,0,0,0,0,0,46,1,815
1,1000000,0,0,0,1,0,0,0,1,0,0,1,0,0,1,44,1,816
2,430000,1,0,0,1,0,0,1,0,0,0,1,0,0,0,33,1,817
2,580000,0,0,0,1,0,0,0,0,0,0,1,0,0,0,27,3,818
2,360000,0,0,0,1,0,0,1,0,0,0,1,0,0,0,34,3,819
1,350000,0,0,0,0,0,0,0,0,0,0,0,0,0,0,31,1,820
2,65000,0,0,0,1,1,0,0,0,0,0,1,0,0,0,26,3,821
1,370000,0,0,0,0,0,0,0,0,0,0,0,0,0,0,55,1,822
2,120000,0,0,0,1,0,0,0,0,0,0,1,0,0,0,66,0,823
1,850000,0,0,1,1,1,0,1,1,0,0,1,0,0,0,32,1,824
1,750000,0,0,0,1,0,0,0,0,0,0,1,0,0,1,33,4,825
1,540000,1,1,1,1,0,1,0,1,1,0,1,0,0,0,30,2,826
1,263000,1,1,0,1,0,1,0,1,1,0,1,0,0,1,68,3,827
2,48000,1,0,0,0,0,0,0,0,0,0,0,0,0,0,19,1,828
1,425000,0,0,0,0,0,0,0,0,0,0,0,0,0,0,43,0,829
1,270000,0,0,0,0,0,0,1,0,0,0,1,0,0,0,53,0,830
2,450000,0,0,0,1,0,0,0,0,0,0,1,0,0,0,32,1,831
1,280000,1,0,0,0,0,0,0,1,0,0,0,0,0,0,24,1,832
2,350000,0,0,0,0,0,0,0,0,0,0,1,0,0,0,25,3,833
2,220000,1,0,0,1,0,0,0,0,0,0,1,0,0,0,42,3,834
1,100000,1,0,0,0,0,0,0,1,0,0,1,0,0,1,69,1,835
2,450000,1,0,1,1,0,0,0,1,1,0,1,0,0,0,31,1,836
1,400000,0,0,0,1,0,0,0,0,0,0,0,0,0,0,46,1,837
1,520000,0,0,1,0,1,0,0,0,0,0,1,0,0,0,23,0,838
1,155000,0,0,0,0,0,0,0,0,0,0,0,0,0,0,49,0,839
1,418000,1,0,0,1,0,0,0,0,0,0,1,0,0,0,43,1,840
1,400000,0,0,0,0,0,0,0,0,0,0,0,0,0,0,30,1,841
1,120000,0,0,0,1,0,0,0,0,0,1,1,0,0,0,73,1,842
1,600000,0,0,0,0,0,0,0,0,0,0,0,0,0,0,54,1,843
2,425000,0,0,0,0,0,0,0,0,0,0,1,0,0,0,39,2,844
1,183000,0,0,0,0,0,0,0,0,0,0,0,0,0,0,70,0,845
1,290000,1,1,1,1,0,0,0,1,1,0,1,1,1,1,55,1,846
1,420000,0,0,0,0,0,0,1,1,0,0,1,0,0,1,40,3,847
2,200000,0,0,0,0,0,0,0,0,0,0,0,0,0,0,70,2,848
1,450000,0,0,0,0,0,0,0,0,0,0,1,1,0,0,55,1,849
2,480000,1,0,0,1,0,0,0,0,0,0,1,0,0,0,37,3,850
2,550000,1,0,0,0,0,0,0,0,0,0,1,0,0,0,43,3,851
2,140000,0,0,0,1,0,0,0,1,0,0,1,1,1,1,74,0,852
2,230000,1,0,0,1,0,0,0,0,0,0,1,0,0,0,67,2,853
2,260000,0,0,0,1,0,0,0,0,0,0,1,0,0,0,23,3,854
2,1000000,0,0,0,0,0,0,0,0,0,0,0,0,0,0,41,0,855
1,200000,0,0,0,0,0,0,0,0,0,0,0,0,0,0,25,4,856
1,275000,1,0,0,0,1,0,0,0,0,0,0,0,0,1,63,3,857
2,440000,1,0,0,1,0,0,0,0,1,0,1,0,0,1,31,1,858
1,500000,0,0,0,0,1,0,1,0,0,0,1,0,0,0,56,3,859
2,330000,0,0,0,0,0,0,0,0,0,0,0,0,0,0,41,1,860
1,420000,0,0,0,0,0,0,0,1,1,0,1,0,0,1,63,1,861
2,230000,0,0,0,0,0,0,0,0,0,0,0,0,0,0,29,3,862
2,125000,0,0,0,1,0,0,0,0,0,0,1,0,0,0,69,0,863
1,400000,0,0,0,0,0,0,0,0,0,0,0,0,0,0,66,0,864
2,250000,0,0,0,1,0,0,0,0,0,0,1,0,0,0,24,3,865
1,500000,0,0,0,0,0,0,0,0,0,0,0,0,0,0,28,1,866
1,400000,1,0,0,1,1,0,0,0,0,0,1,0,0,0,59,3,867
2,80000,1,1,1,1,0,0,0,1,1,0,1,0,0,0,74,2,868
2,70000,1,1,0,1,0,0,1,1,1,0,1,0,0,1,78,0,869
1,500000,1,0,0,1,0,0,0,0,0,0,1,0,0,0,22,2,870
1,100000,1,0,0,1,0,0,1,0,0,1,1,0,0,0,85,1,871
2,800000,0,0,0,0,0,0,1,0,0,0,1,0,0,0,50,3,872
1,140000,1,0,0,0,0,0,0,0,0,0,0,0,0,1,75,0,873
1,650000,0,0,0,0,0,0,0,0,0,0,0,0,0,0,56,0,874
2,400000,1,1,0,1,0,0,0,1,1,0,1,0,0,1,47,0,875
2,108000,0,1,1,0,0,0,0,1,0,0,1,0,0,1,50,0,876
1,96000,0,0,0,0,0,0,0,0,0,0,0,0,0,0,77,1,877
1,490000,1,0,0,1,1,0,0,0,0,0,1,0,0,0,54,3,878
2,250000,1,0,0,0,0,0,0,0,0,0,1,0,0,0,57,0,879
1,120000,0,0,0,1,1,0,0,0,0,0,1,0,0,0,33,3,880
2,96000,1,0,0,1,1,0,0,0,0,1,1,0,0,0,88,0,881
2,180000,1,0,0,1,1,1,0,0,0,0,1,0,0,0,29,1,882
1,600000,1,1,1,0,1,0,1,1,0,1,1,0,0,0,33,3,883
1,400000,1,0,1,1,0,0,1,0,0,0,1,0,0,0,46,2,884
1,350000,0,0,0,1,0,0,0,0,0,0,1,0,0,0,40,3,885
2,600000,0,0,0,1,0,0,0,0,0,0,1,0,0,0,41,1,886
1,525000,0,0,0,1,0,0,0,0,0,0,1,0,0,1,44,0,887
2,100000,1,1,1,1,1,0,1,1,1,0,1,0,0,0,66,0,888
2,300000,0,0,0,0,1,0,0,0,0,0,0,0,0,0,29,3,889
2,200000,0,0,0,0,1,0,0,0,0,0,0,0,0,0,24,1,890
1,500000,0,0,0,0,1,0,0,0,0,0,0,0,0,0,40,1,891
2,400000,0,0,0,1,0,0,0,0,0,0,1,0,0,0,77,4,892
2,150000,1,1,1,1,1,1,1,1,1,1,1,1,0,1,79,2,893
2,550000,0,0,0,1,0,0,1,0,0,0,1,0,0,0,19,1,894
2,600000,1,0,0,0,1,0,1,0,0,0,1,0,0,0,40,2,895
1,550000,1,0,0,0,0,0,0,0,0,0,1,0,0,0,47,0,896
1,300000,0,0,1,0,1,0,1,0,0,0,1,0,0,0,54,3,897
1,370000,1,0,0,1,0,0,1,0,0,0,0,0,0,0,47,3,898
1,600000,0,0,0,0,0,0,0,0,0,0,0,0,0,0,26,3,899
2,250000,0,0,0,1,0,0,1,0,0,0,1,0,0,0,53,3,900
